1,1,133.95751954322532,88.51339142705301,62.429590818812464,9.169944047927856,0.02716207504272461,0.01660299301147461,0.33924283064608723,0.5339597879112137,20592.923606125543,19252.262027783097
1,2,136.40264354591125,83.24236803240069,46.89618489762863,8.78265905380249,0.017006874084472656,0.007662773132324219,0.3897305369717233,0.6561929909969522,18979.378244601412,13658.410148666871
1,3,136.07394638053822,86.26702250817412,70.3997540503731,14.857741832733154,0.015960216522216797,0.006562232971191406,0.366028363233299,0.4826360525070953,19215.74154518658,19738.065582190142
1,4,124.42521175989688,89.18864490638447,75.27809132286781,9.734484910964966,0.01744222640991211,0.006635189056396484,0.28319475092803825,0.3949932633578168,18838.929965176932,15990.308282752365
1,5,133.46399778390955,89.18650968899902,66.35107753153689,12.043556213378906,0.017922163009643555,0.006491184234619141,0.33175604530144404,0.5028541132196163,16749.935074400393,14511.797395938325
1,6,145.28189571253824,92.1520727399548,61.064199753957205,12.017559051513672,0.01649785041809082,0.0066072940826416016,0.3657016086691811,0.5796847263420779,16955.369466961423,12924.86681979355
1,7,134.02242492249408,83.51690007625714,42.462508520346674,7.962606191635132,0.017911195755004883,0.0066258907318115234,0.3768438369582148,0.683168629840096,20499.61514010856,16884.43603326694
1,8,144.46820586682324,95.12446050409304,68.2199474037762,12.604776859283447,0.018587827682495117,0.0070340633392333984,0.3415543583909203,0.5277857366992972,19184.777548483413,16908.50505894698
1,9,146.7681148195902,88.68314871916796,55.156368958762066,9.628118991851808,0.017309188842773438,0.00671696662902832,0.39576011568876013,0.6241937901392193,21224.77727078455,19571.92976355418
1,10,131.08763178446486,87.53242091979413,68.61776935180896,15.62739396095276,0.018308162689208984,0.00654292106628418,0.3322602618703532,0.4765503929109747,22258.038114071096,20246.877223235897
1,11,131.55130049645942,88.93669770870483,66.03471688585992,11.872179985046388,0.01711106300354004,0.0064258575439453125,0.3239390460370365,0.49803067976787363,16698.326608079034,14476.919321691494
1,12,145.32585815484282,93.88453010734187,50.91527625233015,14.266886949539185,0.017319202423095703,0.0066907405853271484,0.35397229853403567,0.6496475100936229,22938.06444613832,16175.420685574787
1,13,130.2880819373336,85.11559041762024,54.09812098297852,14.511391162872314,0.016965866088867188,0.006554841995239258,0.34671238418753125,0.5847807398914752,22296.309427416556,15740.833367660209
1,14,142.29985791984674,96.83959637888228,48.47431479433707,11.020543098449709,0.01646280288696289,0.00670313835144043,0.3194680740058846,0.6593509262557297,17049.951274357092,12565.309377266423
1,15,142.6134310008092,90.14361328781435,75.8450869898881,12.938439846038818,0.01697397232055664,0.0064771175384521484,0.3679163830838424,0.4681771102648967,19244.13149189365,17004.020970776837
1,16,135.9787183346537,92.2010805981057,61.55012870780394,13.35252285003662,0.018045902252197266,0.006524801254272461,0.3219447739521121,0.5473546929871445,16924.77993472664,15767.857708100033
1,17,147.76801933307763,97.29327626284021,69.09718514797615,10.341766119003296,0.016919851303100586,0.00655817985534668,0.3415809679120381,0.5323941847509839,22168.084486392636,19298.94410075451
1,18,138.90301417678668,88.91777059340221,65.74688294982514,10.45931100845337,0.017109155654907227,0.006469249725341797,0.35985715558171055,0.5266705813442839,21027.618665880284,17165.55028587107
1,19,136.16644558202142,93.04558382720558,69.91001904376057,12.944810152053831,0.016436100006103516,0.00643467903137207,0.3166775894788375,0.4865840938643767,20460.05713575885,20324.847896820997
1,20,139.308787895033,93.83557537676201,81.16574919238171,14.51862907409668,0.017048120498657227,0.006499767303466797,0.32642027258563433,0.4173680611338113,16705.333432220275,14482.428960764792
1,21,137.63377162636925,97.37065974102391,66.10220801159133,10.142616987228394,0.018289804458618164,0.006457090377807617,0.2925380261658929,0.5197239221850489,24246.114645311267,20722.97135095845
1,22,139.85908986154544,101.28154322332023,59.289785211601355,11.504817962646484,0.017370939254760742,0.006752729415893555,0.27583152926574417,0.5760748531232706,21120.293909841617,18733.761654018006
1,23,137.8451985871977,94.58738194063035,58.48621559484127,11.303465843200684,0.017930984497070312,0.006627082824707031,0.31381446064081403,0.575710897482989,16334.005127010623,15574.078499426227
1,24,146.99590459340934,98.46671403774707,59.39112571536341,12.298002004623411,0.01869988441467285,0.006780862808227539,0.33013974566090126,0.5959674803210384,21818.998124995484,16160.132526670774
1,25,146.0939503868718,100.73970677211135,69.88299699525338,11.970983028411863,0.018187761306762695,0.006602048873901367,0.3104457336847813,0.5216571472658791,24470.643920603416,20961.903695951947
1,26,139.45119702524616,107.69686729292536,76.70344330231181,14.936000108718872,0.017971038818359375,0.0064849853515625,0.22770926610670839,0.4499621018783692,21095.24841342037,16130.014415701595
1,27,156.96349930056647,114.07938643865707,52.99139151015965,9.765254974365234,0.01823902130126953,0.0065839290618896484,0.2732107340432785,0.6623967244213419,30053.839306596143,24928.297600092188
1,28,143.9599055644054,91.58473542290689,82.28241374199492,12.26411199569702,0.017139911651611328,0.0064389705657958984,0.36381775839708846,0.42843520618188335,26782.79052039139,22160.151647002687
1,29,150.5760136830578,86.93844966060135,60.93562787699358,10.96854019165039,0.016458988189697266,0.006543874740600586,0.42262749866924315,0.5953165023663406,17884.413046606507,12703.795415898134
1,30,143.13649836038357,94.36160084549336,54.38220333344498,14.615514039993286,0.01602911949157715,0.00661921501159668,0.3407579343745482,0.6200675302498769,18398.038969314122,15908.380417694447
2,1,56.41297680699448,25.910162709912445,22.268426413315375,0.5201129913330078,0.0038552284240722656,0.0016970634460449219,0.5407056288031246,0.6052605681578856,8269.877984327471,5779.7130109293175
2,2,62.99881007923404,33.47823583800012,32.77837690538833,0.6343221664428711,0.004312992095947266,0.0017669200897216797,0.4685893940553114,0.4796984758257698,7358.107556955209,7393.423717508614
2,3,59.47813338740207,38.79607337529177,36.65011354263669,0.4566211700439453,0.004545927047729492,0.0018579959869384766,0.34772543848006704,0.38380524983994424,7473.221782692896,7403.436709993404
2,4,62.83392010289495,31.718407894024356,10.080689105941024,0.6849768161773682,0.003801107406616211,0.001728057861328125,0.495202466405355,0.8395661278266072,6923.427458095115,4523.08129387048
2,5,57.2883899128023,30.612346583040555,17.103412861052092,0.5780949592590332,0.003961086273193359,0.0017628669738769531,0.4656448430539749,0.7014506274816781,6352.803525055852,4899.866556904379
2,6,67.42177902455691,37.38922139827957,27.009548648485598,0.5474679470062256,0.004086017608642578,0.0017349720001220703,0.44544297200076316,0.59939430493746,7116.9526592848615,4021.7098447685426
2,7,51.18845103742672,34.65317934441337,30.71962013898661,0.549767017364502,0.0045719146728515625,0.0018267631530761719,0.32302738914532686,0.3998720508943357,7031.47106194191,5564.0383117003685
2,8,49.77204976873362,33.76442380239026,18.335575784461422,0.5899670124053955,0.003968954086303711,0.0017750263214111328,0.3216187808362921,0.6316089879830572,5697.1471690456165,5205.145214626877
2,9,51.65042723881581,32.24636532423562,28.684244246413346,0.8116631507873535,0.003710031509399414,0.0017018318176269531,0.3756805693951326,0.4446465251141843,7336.60790442991,6996.980811167592
2,10,59.033885724737125,26.47545272931034,17.82049502215066,0.4389700889587402,0.0035932064056396484,0.0017600059509277344,0.5515210898913222,0.6981310851661711,7634.048286557784,6145.303795911508
2,11,52.56567930768632,32.70126622254606,33.802960496790675,0.5337071418762207,0.0038061141967773438,0.0017170906066894531,0.377897010877887,0.3569385777566105,6504.267145506896,4576.3051583325605
2,12,64.67654059996946,41.5721509876977,35.25868158277916,0.6682519912719727,0.004402875900268555,0.00167083740234375,0.3572298301353902,0.45484589534778225,7600.106271173666,8762.021646025809
2,13,58.36119379453324,33.05808766863628,29.836794906762805,0.5278799533843994,0.004038810729980469,0.001706838607788086,0.43356046168245327,0.4887562613642483,6113.637861622769,6446.196635169662
2,14,54.62565553563592,35.89736904665769,23.531054545957403,0.4086830615997314,0.0037720203399658203,0.001703023910522461,0.3428478121742729,0.5692307155818653,7823.458910772683,7427.400270901525
2,15,60.377080730016665,27.36947504809217,13.663418071177205,0.4851629734039306,0.0038008689880371094,0.0017359256744384766,0.546690984109052,0.7736985971170947,5920.500918222183,5024.066048753881
2,16,65.1066397448031,46.84467922516799,17.030542340269953,0.5514872074127197,0.004371166229248047,0.0016868114471435547,0.28049305863758406,0.738420806126316,7547.121954675161,5582.1911038176795
2,17,58.93624517679272,43.48321595472909,26.2206804545054,0.5190467834472656,0.004022121429443359,0.0017170906066894531,0.2621990792882841,0.5551009336300525,8627.18901734161,8950.245105682689
2,18,67.34025870719609,24.246419118770802,12.487948389220687,0.4717359542846679,0.003659963607788086,0.0017189979553222656,0.6399416993006029,0.8145544934194586,8544.461906267528,4753.72058554075
2,19,52.89315327714085,31.516942613069006,20.854815406082686,0.4895617961883545,0.003645181655883789,0.0016870498657226562,0.40413946493354796,0.6057180539641671,6691.7828993170415,5231.0710180027745
2,20,64.22312409403179,36.44382958038108,31.603328793546062,0.487217903137207,0.0039670467376708984,0.0016660690307617188,0.4325434943491362,0.5079135554465664,4581.865404376782,4180.375329934403
2,21,74.54155404673628,45.25269979890426,22.958687893183104,0.7989668846130371,0.00445103645324707,0.0016961097717285156,0.39291982334401576,0.6920014857915573,7967.75524832705,4925.400818676356
2,22,57.68245093078463,27.7525459449718,30.408081802317977,0.5017800331115723,0.0036551952362060547,0.0016999244689941406,0.5188736695971339,0.47283651593088877,6596.453832136948,6353.384749614144
2,23,63.32605382109146,39.80633744534343,16.533560633803244,0.5016279220581055,0.0042078495025634766,0.00168609619140625,0.3714066321295789,0.7389137703019708,7606.048778657337,6005.921644595514
2,24,60.15682195204656,36.78262786150798,19.419991550029977,0.4496769905090332,0.004250288009643555,0.0017130374908447266,0.38855433734799183,0.677177235767035,6161.078252359943,4850.128238575018
2,25,68.51282379174674,33.74645203299263,33.186084573844276,0.5965349674224854,0.0040209293365478516,0.001689910888671875,0.5074432760855228,0.5156222917520155,6298.808673406098,7229.167300174096
2,26,45.76251041021032,29.43625248949209,18.12525212989307,0.4730608463287353,0.0035638809204101562,0.0017180442810058594,0.3567605398910893,0.6039279321125476,5623.105047634513,4954.036037933692
2,27,54.003107358969885,34.40590800622937,27.643941129365995,0.4052979946136474,0.003924131393432617,0.0017108917236328125,0.36289021708461805,0.48810462061727355,5275.159282162593,5112.6003733948455
2,28,63.00720541350356,32.35273188422396,28.14075162441359,0.522010087966919,0.003731966018676758,0.00168609619140625,0.48652330044001296,0.5533724843098259,6089.431324423906,6155.287126642468
2,29,64.12295829627202,30.02122953046594,20.245349406102957,0.5852949619293213,0.00372314453125,0.0016949176788330078,0.5318177712301317,0.6842729976280588,6813.2791730334975,5681.245461391647
2,30,50.05582152966242,30.936817797953506,26.954289577482974,0.499910831451416,0.003679990768432617,0.0017080307006835938,0.3819536498942334,0.4615153891438937,8242.657062477074,5758.008506572507
3,1,290.06056409459427,215.404372215963,155.62877108498327,377.4853768348694,0.12692689895629883,0.024548768997192383,0.2573813924401128,0.46346111691960384,43601.95588497049,37092.904731168186
3,2,298.70332959177216,215.9802083907242,154.7340072363377,868.4960792064667,0.07090306282043457,0.02440333366394043,0.27694074021238024,0.48198097608149365,38495.84937304852,34445.03584272911
3,3,289.6281659470137,183.46919166548813,128.8098730740611,660.9107611179352,0.06946992874145508,0.026523828506469727,0.36653539525208656,0.5552577814630558,45637.325972510036,38748.30711978361
3,4,296.0119522314544,208.29685383754793,128.11229099005828,677.3713300228119,0.0693211555480957,0.024946928024291992,0.2963228266043841,0.5672056819858202,47939.725587781104,41766.24864906307
3,5,284.10637522447564,200.52434643121384,138.47326899499592,828.9169390201569,0.06911993026733398,0.025740861892700195,0.29419272526786033,0.5126006275445715,48447.22841033191,44116.16917244343
3,6,273.8453100994792,190.1300020558537,119.79718183650462,886.4567279815674,0.06760501861572266,0.02494502067565918,0.30570290947547873,0.5625370330680991,38913.47510889449,33793.14175145464
3,7,288.90130953155943,200.1251462320198,130.37678999556582,1110.37317609787,0.06820487976074219,0.024534940719604492,0.3072888919869772,0.5487151297203673,38608.256193967616,36563.25095007408
3,8,296.2924521827549,209.51208601991692,122.83257446433147,560.7782680988312,0.06950092315673828,0.025954723358154297,0.2928875356882576,0.5854346826608745,34788.443384370425,29328.807506048877
3,9,282.7641411717976,201.2976706935841,133.81573368167147,729.0219950675964,0.07111597061157227,0.025011301040649414,0.28810750238912824,0.5267584739453588,54488.64823331234,47410.1264465888
3,10,275.9446465880657,186.87173610630546,131.57361448475388,824.5640339851379,0.07026314735412598,0.025595903396606445,0.3227926744842042,0.5231883781345144,41179.70187061106,35119.86687840771
3,11,291.2393768499142,198.85113178454682,131.67026509248038,809.8908290863037,0.06954503059387207,0.02484297752380371,0.3172244291436534,0.547896762736398,54011.7542672088,43210.62567192875
3,12,307.83575354241844,207.45255143330849,146.58446176212902,532.4351410865784,0.07136893272399902,0.0248870849609375,0.3260933824416129,0.5238224927569035,39880.56275911772,34991.17389662604
3,13,280.8474456451865,196.9807413400317,138.67794867009437,833.6712939739227,0.0719301700592041,0.025415897369384766,0.2986201427343913,0.5062160941093423,43193.83652653123,35454.929680808455
3,14,301.7314775244455,227.2632787533625,136.64745901606838,629.8374888896942,0.07009100914001465,0.02475881576538086,0.24680288374967368,0.5471222951705542,35848.76423594861,37117.41745155602
3,15,289.9518782219829,212.60556912927748,134.14759871779157,766.2199709415436,0.07068920135498047,0.025630950927734375,0.2667556753451696,0.537345301777662,35608.682652690055,32494.200335750385
3,16,283.242967549259,196.70690305683476,139.35635612616014,685.2311902046204,0.07155013084411621,0.024812698364257812,0.30551884567928306,0.5079971187566217,39390.01919604027,37939.23989911086
3,17,287.9658009161388,205.86956489010666,143.49115183728628,508.5485129356384,0.07194304466247559,0.024099111557006836,0.28509022864815864,0.5017076632684112,37611.699688089604,34198.86285776222
3,18,298.0739402259107,210.16872340108227,125.5169776272184,645.654198884964,0.0681309700012207,0.026701927185058594,0.2949107753539438,0.5789065708592677,42818.502533786675,38178.97996865131
3,19,296.247964618038,211.79809452798614,141.8294209812152,441.766037940979,0.06945204734802246,0.024851083755493164,0.28506481115890797,0.5212476103790943,38509.125151422544,31678.874941918202
3,20,286.2634964127749,198.1594543870332,129.61851898798363,429.1589648723602,0.0711829662322998,0.02585911750793457,0.30777253519848335,0.5472055619656043,44912.123217467844,39572.02486141468
3,21,307.48514154252604,213.37957421508278,132.97677909610078,669.6534569263458,0.07019209861755371,0.025017738342285156,0.3060491536448053,0.5675342931075915,52134.41293495729,46514.316403166835
3,22,301.06601907861216,221.32682743729157,128.7270511400337,727.9518342018127,0.07596492767333984,0.024805068969726562,0.2648561663828945,0.5724291584483953,47771.84299000003,38574.330640935965
3,23,276.57826117683345,182.1631792182411,149.002383398215,405.1800920963288,0.07101798057556152,0.025185108184814453,0.34136841253126177,0.46126502218860715,35799.26237252075,34437.83865313159
3,24,299.0835870989869,206.39506176945198,140.0121363883978,705.6927239894867,0.07177209854125977,0.02517390251159668,0.3099084313806162,0.5318628556435685,50469.434319383,49058.83956733827
3,25,287.5316124829939,190.99747020931565,120.3434890417035,532.0268309116364,0.07341599464416504,0.0263059139251709,0.3357340135230793,0.581459972340185,40881.503133393555,32134.95049394435
3,26,292.0756133205543,201.47998816992475,143.04761233700057,415.37232518196106,0.0660398006439209,0.02479410171508789,0.3101786695597911,0.5102377404579643,52915.73470158282,46955.489196490234
3,27,299.6726238019808,206.22184533821752,155.58173633298566,1009.2710938453674,0.06891894340515137,0.025188922882080078,0.31184289468334675,0.4808276633377371,55992.745043228904,49714.181499210004
3,28,275.1424812207122,196.40837054307104,131.72514280775704,551.749589920044,0.07060790061950684,0.02496194839477539,0.28615759488801984,0.5212475288318327,35792.85175898092,27656.33358952296
3,29,296.22531703650645,206.4875960310203,129.90924619823355,494.74376010894775,0.07053613662719727,0.024829864501953125,0.30293737855777864,0.5614512375313833,39722.85098856085,37295.74280396306
3,30,295.1740204261516,202.97969220105318,155.70417097248566,479.0827820301056,0.06922078132629395,0.025738954544067383,0.31233889788808217,0.47250042280926063,43393.70012340236,39127.149791690514
4,1,143.26542251067156,93.4497210546172,74.08618696426238,15.668475151062012,0.016381025314331055,0.0066013336181640625,0.3477161521814078,0.48287461366510925,10685.007951147723,10257.565319629297
4,2,139.74343671184357,90.9316568631685,68.81101702375986,22.93441605567932,0.016141891479492188,0.006575107574462891,0.3492956878492038,0.5075903481202422,8240.64734057546,6978.628337664068
4,3,138.36074272587013,91.13158744114162,69.9284182047366,18.41803812980652,0.017857074737548828,0.006462812423706055,0.3413479456257486,0.4945935037130899,11811.655129193394,10238.138138661308
4,4,130.18973596285517,85.70876899530744,56.60738942898908,16.40339708328247,0.016841888427734375,0.0065538883209228516,0.34166262523367225,0.5651931466767863,10591.78409424984,9146.294110192357
4,5,145.40791675744302,94.96352028467234,59.13004573927781,18.03076195716858,0.01937413215637207,0.00667881965637207,0.3469164375480166,0.593350575004018,9347.13773794112,8924.466461407374
4,6,147.9871141227036,82.68901192920568,69.4895539836345,15.210885047912598,0.04836106300354004,0.021333932876586914,0.4412418106846516,0.5304351031129833,9554.227452574454,10814.957594068326
4,7,156.2485555877927,100.69787841004349,64.03776111125222,22.10188698768616,0.020718097686767578,0.015398979187011719,0.3555276205195797,0.5901545401789601,11954.785809272727,10024.88269014703
4,8,142.636701677551,94.10181873161883,77.7755295905228,15.51199507713318,0.017206192016601562,0.0066606998443603516,0.34026924609944814,0.45472989296720706,9332.498588468934,7709.442664753107
4,9,135.740595694409,80.05266482428722,70.71115811672234,24.68057107925415,0.015624046325683594,0.006789207458496094,0.4102525893984676,0.47907140266340487,7780.525021270201,7391.7471130385875
4,10,135.8311738272224,95.8846167113631,56.734526910892555,18.759253978729248,0.017858028411865234,0.0065898895263671875,0.2940897585606631,0.5823158608416429,10297.10721374166,9008.87555576827
4,11,123.64323126592812,76.46735498828721,63.944778949274074,27.46755290031433,0.018438100814819336,0.007030010223388672,0.381548393669658,0.4828283093658109,10799.876953844227,8548.283665866902
4,12,140.13723925463125,101.25640018891391,59.76969792687302,15.541124105453491,0.0176999568939209,0.0068438053131103516,0.27744830191117387,0.5734916839750877,9022.055944974569,7491.682752629867
4,13,139.26367601398164,84.57469942755316,65.84299100517653,27.20384907722473,0.01743173599243164,0.0066051483154296875,0.39270094077466317,0.5272062831476163,12894.246337765371,12090.967529189471
4,14,134.71307228098186,92.47335969319172,68.63861119910275,19.11989498138428,0.017416000366210938,0.0065212249755859375,0.3135531828691976,0.49048292020289097,10639.905299499154,8040.787884226864
4,15,149.68590467093145,103.22908101370152,78.18245420377838,21.689105987548828,0.01779770851135254,0.006563901901245117,0.31036204617502444,0.47768993763538264,11861.477341162235,10957.722874354426
4,16,159.59179131466016,106.39130744760347,73.84614118101706,21.775080919265747,0.017728090286254883,0.0066623687744140625,0.33335351040808625,0.5372810808582388,10498.201857886668,7651.5152437260995
4,17,137.24044207454486,95.66012819299503,71.43740387297804,16.48884606361389,0.017655134201049805,0.006621122360229492,0.302974205365534,0.4794726481996072,8584.733888943889,7999.878415701269
4,18,141.20389471128405,94.26898741892418,69.399268715858,20.10037899017334,0.016897916793823242,0.006547212600708008,0.33239102496660206,0.508517319173406,8829.730554038346,8526.575795466406
4,19,150.74787725389743,93.66838871587503,82.03370177530685,15.63225507736206,0.017177820205688477,0.006651163101196289,0.37864207163518565,0.4558218445945914,8528.059221823709,8490.225911646163
4,20,139.78879639413893,89.02866763844695,57.36004390944524,15.654067993164062,0.019083023071289062,0.00693511962890625,0.3631201502913881,0.5896663724915637,9928.328477642479,8584.32583606533
4,21,137.53765540078965,87.25475397098833,66.87488438678164,21.270612001419067,0.016102075576782227,0.006897926330566406,0.36559370801599855,0.5137703620735293,9910.476377234392,7314.593222751506
4,22,143.52436726189762,94.80752836763243,73.53727380668091,17.197038888931274,0.01747608184814453,0.006498098373413086,0.33943252859194717,0.48763213376518155,12760.169310179117,12015.315272110933
4,23,145.06845473949065,102.3726287279833,57.785960805992424,18.251198053359985,0.018345117568969727,0.006673097610473633,0.29431502588332636,0.6016641873675249,9312.973760358396,7778.74666609336
4,24,139.90850242264608,100.24992703847553,81.00947738925508,18.132235050201416,0.018365144729614258,0.0063397884368896484,0.2834607954301945,0.42098245648762944,11632.060051136319,10739.354601242681
4,25,141.76696499385045,95.89683228773717,57.3013758035357,20.03572702407837,0.017755985260009766,0.00658726692199707,0.32356009531630325,0.5958058648852268,7990.308639782266,7186.707544472166
4,26,143.98993416193292,99.43765033164202,57.229781466084994,16.15841293334961,0.018754005432128906,0.006685018539428711,0.3094124883770475,0.6025431791522062,9189.43533683922,7064.960236217481
4,27,144.51727959408836,98.12804312025142,76.9116739245386,15.17911982536316,0.01836705207824707,0.0063741207122802734,0.32099439322503376,0.4678029219719359,10341.96957463616,9655.106940726791
4,28,128.2779688216471,78.76950027066074,59.18880140631155,14.307223081588743,0.01850295066833496,0.006879329681396484,0.38594677640882424,0.5385895025465718,10710.579107889112,9362.917045863167
4,29,146.99166146342688,104.69779379530445,75.31926898555345,16.455708026885986,0.017867088317871094,0.007529258728027344,0.2877297068898402,0.48759495446417755,9738.71962140162,7824.393588811518
4,30,149.25795966370544,97.48154643560855,83.85879964070816,12.76302981376648,0.016910076141357422,0.006569862365722656,0.34689214126171114,0.43816195913671047,11731.873377774378,12234.216981420837
5,1,141.79322128324836,103.24420370594135,86.2876773953756,17.545899868011475,0.017863035202026367,0.00656890869140625,0.27186784550370635,0.3914541427688847,40100.33646565769,39126.93822759486
5,2,141.95389504739916,106.22041812800818,76.12795944234445,19.75437307357788,0.020653724670410156,0.0073909759521484375,0.25172593473014165,0.46371348657305306,50698.99413733126,43284.560448212185
5,3,143.86689852478264,98.7484275002599,67.75706701996558,16.10413908958435,0.018954992294311523,0.0066258907318115234,0.31361259252245993,0.5290294868746775,45224.61920395041,43102.66505504741
5,4,143.32340471198492,98.72480882378063,52.26386303300305,20.31852912902832,0.017809152603149414,0.006685018539428711,0.31117454945915674,0.6353431378634234,44955.974639503824,28645.484862762667
5,5,133.92841763889473,92.90471999540613,57.269212788187126,16.2135488986969,0.01811361312866211,0.006869077682495117,0.30631062747339394,0.572389386824538,42613.52783201262,36045.67899815622
5,6,149.3748560074002,103.69535561091773,69.37503278358078,16.11911916732788,0.018204927444458008,0.00688481330871582,0.3058044815401828,0.5355641863839262,50376.97931552549,43523.60750318356
5,7,147.63796679589174,91.75279268009606,57.526697610363364,15.92210292816162,0.01829695701599121,0.006635904312133789,0.3785284729168376,0.610352954197117,32747.176837394643,33349.50556127954
5,8,137.34117204661743,89.45835875910565,61.38898616760031,24.501384019851685,0.01701211929321289,0.006604909896850586,0.3486413620473474,0.5530183319917849,42494.25075622735,36742.24100666781
5,9,145.57684048586304,95.46373861804194,56.49598410870656,19.00405788421631,0.018225908279418945,0.006676912307739258,0.3442381473630593,0.6119164015364595,44276.353895485656,31883.020495155426
5,10,155.33191994413949,99.15882710371685,60.38064330616833,14.249516010284424,0.01792001724243164,0.006857872009277344,0.3616326435714155,0.6112798751996212,39343.637225991166,34010.465368907135
5,11,147.2653753894853,88.19290900640254,74.76036167149225,16.755043983459473,0.01672506332397461,0.006567955017089844,0.4011293640942331,0.49234257221857386,47353.3972671584,46142.03370738163
5,12,134.42184525144822,102.8238132662467,62.36309742907498,14.867271184921265,0.019730806350708008,0.006814241409301758,0.2350661972099441,0.5360642660988683,42597.01314407281,40609.92140258152
5,13,152.8980459562706,99.66682182897148,68.27709564526539,15.24575901031494,0.018331050872802734,0.0067789554595947266,0.34814849198611375,0.5534469049735737,37022.14101103843,36313.82489618139
5,14,149.34678667925084,101.8972495705568,76.8997436925965,20.87155795097351,0.018011093139648438,0.0068089962005615234,0.3177138133584386,0.4850927468713969,36179.53199080182,33419.888506405296
5,15,131.90929770235067,94.24986590651639,68.70615561606246,17.683654069900513,0.018249988555908203,0.006700038909912109,0.28549490029741226,0.4791409187008499,39062.48024671983,33960.46579636351
5,16,138.28046719154636,92.52995941100002,74.38468028617865,17.552557945251465,0.017149925231933594,0.00658106803894043,0.3308530026671999,0.462073843132589,35765.83057872678,33476.20258485496
5,17,150.46259174601042,104.29826867089683,65.74061616244776,13.241744995117188,0.017683982849121094,0.006600856781005859,0.3068159503263219,0.5630766730814943,54792.68751465226,47292.986885124345
5,18,137.34493354006824,91.23698183463388,44.65764379661046,26.894141912460327,0.017634868621826172,0.006774187088012695,0.33570915589677053,0.674850446641468,36683.60099960718,28068.272668159578
5,19,135.8091203590214,87.86966096600175,48.432999871069995,14.7298481464386,0.017448902130126953,0.0067670345306396484,0.3529914579101033,0.643374467465559,36421.85671289486,28479.097751134083
5,20,152.82069200997205,109.62293943745257,67.61332224006871,23.28944301605225,0.01805901527404785,0.006738185882568359,0.2826695259939059,0.557564349756663,35993.0857192339,31202.600954225076
5,21,136.90772969700305,88.22294489195647,65.43330095363514,19.914878129959103,0.0177459716796875,0.006949186325073242,0.35560289337054357,0.522062771046977,30858.394465898305,26006.843886193426
5,22,133.34592482099805,91.49667424923986,65.6684290987713,21.01648688316345,0.017648696899414062,0.0072650909423828125,0.3138397414689359,0.507533288423146,32190.952668560112,29778.106252545356
5,23,150.08476265160095,99.1885822162775,66.41151220174149,15.14008092880249,0.01756906509399414,0.0065648555755615234,0.33911624029063653,0.5575066313966478,36890.40566002163,30946.054510008034
5,24,133.100159163971,87.13200177200682,67.74257641911032,20.19383716583252,0.016710996627807617,0.006593942642211914,0.34536515719214367,0.49104060547624334,43656.172624020415,39525.75945981034
5,25,139.32526326061387,89.94475791291028,72.24075526250034,14.80432105064392,0.01730489730834961,0.006582975387573242,0.3544260688410489,0.4814956485862085,45968.282309982045,39971.81354193158
5,26,159.19210472592354,110.78805467103075,65.04749598130819,16.479516983032227,0.018538951873779297,0.006620883941650391,0.30406061995491956,0.5913899367478143,41547.21465003827,40836.75476359192
5,27,133.70745426773942,86.53588761296851,58.43164198964904,15.882407903671265,0.016011953353881836,0.006551980972290039,0.35279683479960133,0.5629888975924713,35717.11236768977,33698.291614499416
5,28,144.2313985782095,94.05676690370206,68.26141436200612,16.385643005371094,0.018090009689331055,0.0065288543701171875,0.3478759283284648,0.5267229255563839,50974.970784935394,47360.91450114903
5,29,127.7246623599057,88.38960754045766,73.52364266961007,14.270687103271484,0.01862812042236328,0.006780147552490234,0.30796757722959367,0.42435829297842775,47255.359072643936,44783.85068587947
5,30,154.13950148564513,96.62673791317393,60.41416378480255,18.45706081390381,0.018024921417236328,0.00728297233581543,0.3731215101784101,0.6080552797789548,32126.973283904987,27402.324190441577
6,1,141.79950037823195,74.12244692876475,82.75757588468694,13.141165018081663,0.01582789421081543,0.006623983383178711,0.4772728625203006,0.4163761108893773,17670.369248671308,16115.805256937976
6,2,148.91274290642903,77.46716891620868,53.95345380061647,15.252912998199465,0.015470743179321289,0.006147146224975586,0.47978146527805193,0.6376841044790994,17685.97821302195,17069.799694017587
6,3,146.92157495960953,94.50179473011517,52.632037697758676,17.00490403175354,0.016663074493408203,0.00677490234375,0.3567874918568303,0.6417678090353452,17454.43274217206,13376.987514809893
6,4,144.470218620128,88.05133658187191,45.27473815503518,14.155805110931396,0.016237974166870117,0.0065920352935791016,0.39052257674368646,0.6866154243589733,16971.81293896252,16377.206034982744
6,5,137.7247710260647,101.89184910397387,72.07267873359265,17.97384214401245,0.01810598373413086,0.006536960601806641,0.2601777563696902,0.4766905169154157,15984.529772483218,14502.911593154455
6,6,127.67757360238004,48.66192174290943,44.95948523801618,11.549654006958008,0.0171511173248291,0.005974769592285156,0.6188686832782799,0.6478670139986269,17591.800076962492,17348.86695351443
6,7,144.01935381565093,51.80907895513412,52.92210904920658,18.496270895004272,0.015151023864746094,0.006703853607177734,0.6402630786591968,0.6325347417059761,17564.284843907124,17149.80527911355
6,8,143.7496531906642,96.07180705040254,69.97750164884589,15.468846082687378,0.0667266845703125,0.0067479610443115234,0.3316727733389626,0.5131988140797089,17650.70401191541,15274.889884338174
6,9,154.12070013938765,38.16131113502286,51.23596462132723,14.70040798187256,0.020868301391601562,0.008957147598266602,0.7523933443041101,0.6675594869800804,17536.80574953519,17206.12936202997
6,10,126.31667123130356,33.80838194271416,37.62965013486164,20.85341501235962,0.012774944305419922,0.006216764450073242,0.7323521779575218,0.7021006826093725,17782.218205796227,17077.073780844625
6,11,132.2634992124841,57.52836882051408,64.05307863240999,18.801329851150516,0.014230012893676758,0.006094694137573242,0.5650472793851193,0.5157161347326267,17747.968864588842,17176.753069528655
6,12,149.75028975627168,56.70451255102736,60.60849780356235,14.050122022628784,0.0148468017578125,0.006157875061035156,0.6213395470331468,0.5952695790959295,17684.05636668869,17210.133092648466
6,13,143.2169590908465,55.83434965646013,52.09402807977245,16.874210119247437,0.016060829162597656,0.006944894790649414,0.610141494339069,0.6362579654639382,17760.629061607728,16722.327949667928
6,14,159.50904484858626,81.30717184664186,60.59895172924688,21.37573218345642,0.01790904998779297,0.00690007209777832,0.49026607284983376,0.6200908118610431,17730.14388843472,15680.229108957912
6,15,141.9766677435548,48.64367754739538,39.52825632626173,15.062928915023804,0.014146804809570312,0.006318092346191406,0.6573825944749037,0.7215862510757077,17574.94941456991,17327.8577375116
6,16,136.8308660906809,91.86846875510882,62.03803385501743,13.47261381149292,0.018375873565673828,0.006786823272705078,0.3285983537206765,0.546607899025477,16028.366541718933,15485.536385406338
6,17,123.19209046655546,66.97730584497096,60.48185580652551,14.972431898117064,0.01587200164794922,0.0064618587493896484,0.4563181321843536,0.5090443259996039,17460.41938425783,16939.2967563182
6,18,135.80281892468432,51.57056515050126,44.82152584346241,16.518776178359985,0.015374183654785156,0.006043910980224609,0.6202540892829177,0.6699514325374921,17358.874366313594,17388.20277100894
6,19,150.6321110295742,88.33365392714676,57.71327900212627,18.673166036605835,0.016814231872558594,0.006567955017089844,0.4135801900180243,0.6168593893582545,17561.53452192902,13616.99203016036
6,20,135.5795058104291,63.16096324293819,68.69890503244368,11.585323810577393,0.015301704406738281,0.006700038909912109,0.5341407769161548,0.4932943248185288,17260.855558295392,16833.50161547962
6,21,125.60641113283108,44.51849047237747,54.06810825941158,11.98690414428711,0.012941837310791016,0.0065500736236572266,0.6455715112718383,0.5695434033042026,17662.652569668542,17124.132975880722
6,22,145.2145537080702,97.57826767884221,54.34600978666061,17.71639609336853,0.019092082977294922,0.00701594352722168,0.32804071501671145,0.6257536975535232,16578.26784039417,13833.66066235956
6,23,145.15364789382406,84.79431460192728,53.12547287120705,19.994743824005127,0.018982887268066406,0.007127046585083008,0.4158306330409828,0.6340052513866762,17580.305864182388,17216.262658691812
6,24,136.7673592067537,99.00034631029513,72.13958182166031,13.809242963790894,0.018046855926513672,0.006665945053100586,0.2761405434418419,0.4725380219369038,15927.259385934518,15140.83625042055
6,25,142.6993557971498,38.16300513606893,51.91692554382843,10.630937099456789,0.014751195907592773,0.0058367252349853516,0.7325635780001806,0.6361796782206259,17500.238148977205,17315.019142390105
6,26,134.68128168966163,93.12610210436443,67.7295055112536,15.28662395477295,0.01679515838623047,0.00668787956237793,0.3085445806867982,0.49711270444159544,15740.703819340364,15249.924658795968
6,27,118.91904660000613,65.62403296580702,57.472285311547765,12.88643479347229,0.016273021697998047,0.006203174591064453,0.44816213346766237,0.5167108469607862,17966.644272866597,16893.689248526003
6,28,131.91536274524893,76.7453885447257,65.66007898554714,15.685701847076416,0.016124725341796875,0.006288051605224609,0.41822251064924,0.5022560100725496,17383.84311092193,17144.10219325475
6,29,125.8189009274428,69.69462730820051,59.111643872107116,12.829843997955322,0.016722917556762695,0.006712198257446289,0.4460718795470008,0.5301847064599967,17540.849937188475,13048.286010447548
6,30,146.6630796820919,71.37117617080183,61.17514977948777,15.30948519706726,0.016063928604125977,0.006851673126220703,0.5133664428327389,0.582886504823903,17832.726829568164,16366.182707125463
7,1,135.60017985257892,95.39528447549213,77.69826844409772,12.56536102294922,0.01833486557006836,0.006803989410400391,0.29649588533581983,0.42700468001908765,25891.68912426829,24465.99812796183
7,2,139.2889428708534,101.38949645137436,68.09456759057328,15.62547779083252,0.018825054168701172,0.0071048736572265625,0.2720922826919494,0.51112725685836,19426.25480553666,17184.29987770022
7,3,148.0044245500462,90.73379767084212,73.46443808669969,15.812499046325684,0.016646862030029297,0.006549835205078125,0.38695212696049225,0.5036335007548478,14855.994003687198,14842.640226707306
7,4,156.3948545393805,99.41195427454612,76.34460632840864,21.66656899452209,0.018697023391723633,0.006620168685913086,0.3643527815071818,0.5118470709713475,18399.46069033808,15323.755846651298
7,5,156.96720500993234,99.4163057399065,49.17641801383868,17.810574054718018,0.017938852310180664,0.006608009338378906,0.36664282368017076,0.6867089656675293,28936.028162273942,19086.669248826027
7,6,145.33559535651824,100.16778490458506,75.99771445346079,17.159440994262695,0.017977237701416016,0.006487846374511719,0.3107828494535934,0.47708808522073926,20694.925266791728,18965.713144732777
7,7,138.48398454804916,92.26041652771649,65.57559445234952,14.856431007385254,0.017833948135375977,0.006493091583251953,0.3337827704133881,0.5264752479042293,16761.446329318886,16609.68735489274
7,8,138.51485650151466,93.94232538215748,69.05625462788575,17.630144834518433,0.018313884735107422,0.006829977035522461,0.3217888120099939,0.5014523613419719,22249.221462810787,20079.374445384132
7,9,141.19560997792084,95.42812044420928,70.97061203687653,15.876923084259031,0.017761945724487305,0.006774187088012695,0.32414243998710973,0.49735964136580163,21011.699644213815,19753.900222870332
7,10,147.22332473204042,100.25427258695443,68.05029962354733,17.074056148529053,0.018830060958862305,0.006865978240966797,0.31903268201946844,0.5377750112123542,24840.921781637495,20048.33639410691
7,11,132.77847572307422,81.74199176840308,54.485857708824916,19.86571192741394,0.016436100006103516,0.006663322448730469,0.3843731725096316,0.5896484169432564,17946.274080581483,15318.071467045316
7,12,146.1646597153989,100.63706255315894,56.816984751097905,17.474429845809937,0.018324851989746094,0.006676912307739258,0.3114815664120722,0.6112809699572539,19186.08270472144,15379.76293231317
7,13,142.01553403227223,93.05962134757753,70.57167257599164,14.871992826461792,0.017889022827148438,0.006574869155883789,0.34472223773470967,0.5030707516830192,23170.956348114596,18362.974410115654
7,14,149.85829254317042,97.32338213510513,53.52630550087561,14.155561923980711,0.017442941665649414,0.006697893142700195,0.3505639195303876,0.6428205300320233,18070.720924916754,17316.466103534363
7,15,128.37694155015038,96.35903444734633,67.05144246593038,19.579634189605716,0.01807999610900879,0.0065610408782958984,0.24940543618026817,0.47769870775635537,21601.733680252462,17381.784839614873
7,16,141.01885376925333,102.68595075771265,72.42930910825908,26.23538899421692,0.018463850021362305,0.0070037841796875,0.27182821294423604,0.48638563445726285,19478.505630514614,16449.831161681825
7,17,144.8609670124235,97.1465116114421,59.244004232735506,19.950791835784912,0.018188953399658203,0.0070149898529052734,0.3293810360722591,0.5910285188994033,20135.134291234175,15986.565567841
7,18,142.61846780604253,78.82588539227379,57.16000328444291,20.401324033737183,0.0175931453704834,0.00693202018737793,0.4472953846378789,0.5992103676069565,24966.732559155575,21687.97805768205
7,19,148.42273113762744,97.40845000666201,74.88071933581354,20.67299699783325,0.019314289093017578,0.006841182708740234,0.3437093546248087,0.49549022065643605,20944.652636833143,16494.774022779005
7,20,141.635791380426,93.07719571826853,70.57399250970198,18.171228170394897,0.01763606071472168,0.006594657897949219,0.34284127753931737,0.5017220448174424,17175.254961482344,15559.796469451174
7,21,138.25034159425786,88.4507714264156,60.343054996977344,15.060556173324583,0.017059803009033203,0.006533145904541016,0.36021299906799403,0.5635232846362555,17876.076773156572,17858.116721741204
7,22,162.21988002231302,115.84266651035433,87.42959102757877,16.629070043563843,0.017611026763916016,0.0065288543701171875,0.2858910603655951,0.4610426846848056,15159.166160329736,17148.32459342757
7,23,132.41333405116563,90.11267400339946,70.99660503294633,18.39175009727478,0.017589807510375977,0.006525278091430664,0.31945921723729753,0.4638258635983545,16595.480323070347,14329.34510953761
7,24,146.4933700575103,95.04259849432606,53.792771457949584,15.120935916900637,0.017817020416259766,0.007027149200439453,0.35121570036231486,0.6327972287289749,22691.937320906232,18479.341016649283
7,25,136.73833219899677,91.7701714952324,71.6761739334539,18.593673944473267,0.018072843551635742,0.0067822933197021484,0.3288628724703305,0.4758150638465973,16920.898903511505,14787.260338667535
7,26,133.16200280886684,79.45459918432154,68.72036918929682,16.9531991481781,0.06930208206176758,0.006836891174316406,0.40332378975730676,0.48393409726696496,21510.463161958745,21587.128181506152
7,27,137.1828402834591,89.86065453049787,63.97848053029318,15.104313850402832,0.033288002014160156,0.007208108901977539,0.344957034386954,0.5336262144879397,17929.676683261965,17890.138302960397
7,28,144.1328500296558,92.77254210595879,54.07039771585237,19.62529802322388,0.016962051391601562,0.007428884506225586,0.35634005650432543,0.624857222314502,28879.382285656702,23257.00033080407
7,29,142.8631800857332,102.34728979906602,56.48838054149249,18.65692901611328,0.01975703239440918,0.0070438385009765625,0.2835992469322978,0.6045980461334165,26611.689728553676,19555.034557101688
7,30,140.04789904751183,79.52626204034361,64.55476984215794,20.520379066467285,0.01606607437133789,0.0069599151611328125,0.43214955325132015,0.5390522079859444,19818.606261712586,18305.09766032814
8,1,147.40722087294765,119.24180154584465,76.43510033855424,19.928205966949463,0.015223979949951172,0.006774187088012695,0.19107218194812292,0.4814697686727659,23844.493972335815,21255.226320368052
8,2,157.39275636058548,125.04516934238347,69.04784939667343,19.28468894958496,0.015719175338745117,0.006930828094482422,0.205521446896158,0.5613022416451912,17747.618646529918,13869.976036637294
8,3,127.81592844282784,105.51067532618738,62.85419170090906,13.991947889328005,0.01613616943359375,0.006590843200683594,0.17451074673073796,0.5082444538278045,22589.034239957673,21825.689077339324
8,4,136.7246714198855,103.79513994857712,67.31564594653241,19.872509956359863,0.016581058502197266,0.006592988967895508,0.2408455703666007,0.5076554564186585,17059.351953525147,16198.300226110105
8,5,139.2993147747704,111.17275529113957,68.49760163211207,17.17712903022766,0.014533042907714844,0.006844043731689453,0.20191455736238167,0.5082703619693741,18911.965870735705,16475.72080773903
8,6,149.89714429678102,112.47086703896785,57.57787806156675,16.673758029937744,0.017300844192504883,0.007208108901977539,0.24967972160772434,0.6158840895089474,19013.558715272535,16115.13528410163
8,7,158.1696671614585,124.70423167296342,63.422259713866595,19.362116813659668,0.01689004898071289,0.006966114044189453,0.2115793507634672,0.5990238782691147,20578.640150781284,17820.510001237537
8,8,141.41390897008228,112.27461836725895,79.18456194129618,23.11458396911621,0.018234968185424805,0.007292985916137695,0.20605675081782848,0.44005110587779184,20295.944169690927,16794.105192945084
8,9,147.66280386027742,116.22561813260154,59.68111568696404,18.125035047531128,0.01407003402709961,0.0071258544921875,0.21289847480766114,0.5958283729771519,14973.87021124377,14965.818674366372
8,10,147.15086670997766,119.51205947712413,68.27598894695814,14.83376121520996,0.01557016372680664,0.0067691802978515625,0.18782632988038983,0.5360136812410047,19660.722748735054,19387.072952194078
8,11,150.96271673938543,115.8343512550371,65.5059911417834,17.841171979904175,0.014250040054321289,0.007098197937011719,0.2326956366649932,0.5660783499619333,25477.507759838798,18122.722092299497
8,12,160.29855333281833,122.96600828256207,80.39084726038158,14.072846174240112,0.014232158660888672,0.006494998931884766,0.2328938363700945,0.4984929957947228,28124.276189837678,27203.416529144484
8,13,130.5680259252443,100.95880064416518,75.03818333827475,14.720684051513672,0.013691902160644531,0.0065228939056396484,0.22677240519843397,0.42529434134787897,17193.187557795234,15590.045169008781
8,14,129.9908206384497,105.34298426755652,76.76398334129814,11.927304029464722,0.013997077941894531,0.006520986557006836,0.1896121299168308,0.40946612257487125,26059.958116011498,23129.86171318978
8,15,142.1079278660325,112.77136891688814,71.86437721894728,14.04961085319519,0.014554977416992188,0.006555080413818359,0.20643858080036478,0.49429719862853094,21710.38147655263,21810.455786540926
8,16,146.99746955920304,114.5046069364956,78.81537965667228,16.215249061584473,0.015273094177246094,0.006627082824707031,0.22104368680728192,0.4638317251785788,24274.621958636217,21730.94320158067
8,17,135.55148309227224,104.80924547455628,73.7529692125572,15.262531995773315,0.016562938690185547,0.006790876388549805,0.2267938123317263,0.455904372788365,16877.49830116311,16370.854850040912
8,18,149.3046250353929,111.70882452938434,57.52079611868881,14.506738901138306,0.01444101333618164,0.007054805755615234,0.25180600063190545,0.6147420342467395,15986.95883151565,15337.468891188364
8,19,142.55899577945308,110.11542604344862,72.54905757667024,19.59434413909912,0.015225887298583984,0.0067539215087890625,0.22757995424011349,0.4910944961417393,20197.441611394363,17848.985024721
8,20,141.32885847015316,111.75185865080607,80.41609602541246,19.35776996612549,0.017105817794799805,0.007119178771972656,0.20927785124361828,0.43100017295904713,22833.649986497137,17419.08360816929
8,21,149.79506142927156,115.29377008938042,61.09687298482275,17.113157033920288,0.015673160552978516,0.006706953048706055,0.23032328977134903,0.5921302584887237,19077.696403833663,16555.865712284438
8,22,133.68341131832898,101.52758278599997,55.27961043033143,21.85634708404541,0.015888214111328125,0.00691676139831543,0.2405371632517595,0.5864886309738253,21698.509681251046,18612.656977820785
8,23,137.1532894521724,107.53785220698845,56.97914836077056,14.146564960479736,0.015869140625,0.006721973419189453,0.21592947105735544,0.5845586453787526,18487.54806640015,17301.15805910013
8,24,148.39970196726688,117.71940373254385,58.45422952063998,20.415311098098755,0.014154911041259766,0.006863117218017578,0.20674096934163858,0.6061027835922914,26203.62151796491,21301.02717779881
8,25,136.7033708106388,109.1903662729236,64.92815865305462,18.289276123046875,0.017184972763061523,0.006983757019042969,0.20126061540813178,0.5250434699010241,18011.61469049122,15024.401990993641
8,26,149.8046559937201,120.37133950748576,77.10229223977626,15.297709941864014,0.01501321792602539,0.006857156753540039,0.19647798188240698,0.4853144468152683,20851.329021664962,19638.347055017934
8,27,150.1321857284509,117.05351443387386,82.16984563222798,17.735759973526,0.017235994338989258,0.006866931915283203,0.22033031181206902,0.45268334545630795,20604.029913242066,17944.93875991114
8,28,149.45912485382013,118.12790932516961,83.2617456900053,15.089074850082396,0.01571178436279297,0.007220268249511719,0.20963066362990082,0.44291293173675267,16845.17883104534,15544.995197220154
8,29,138.90644418238088,109.60163036760301,67.83256077465107,20.939987897872925,0.013752937316894531,0.006500959396362305,0.21096799351008758,0.511667286756052,21750.245355421088,18916.62290481946
8,30,148.61433214999647,117.49418420019487,71.47193494309165,25.004492044448853,0.014359712600708008,0.0066890716552734375,0.20940206438765296,0.5190777772970442,21197.069727361417,19719.068262251956
9,1,136.8905592885345,86.60501072682334,66.14377752007833,16.33272695541382,0.016082763671875,0.00651097297668457,0.36734124561300485,0.5168127162030062,23380.332337421703,21669.773565718573
9,2,151.24850729087098,94.18420412254233,55.18924095493109,16.384939193725586,0.01733875274658203,0.0066759586334228516,0.37728837256282083,0.6351088553304209,20182.629953934906,15300.722708969193
9,3,145.9297569184014,105.62925111391213,85.78049612587043,16.515212059020996,0.017830848693847656,0.006476640701293945,0.2761637287385043,0.4121795448899723,17032.251411117668,15042.305569716498
9,4,143.64509357446073,87.61374690714993,74.89761271886078,17.996466875076294,0.01749420166015625,0.006818056106567383,0.39006794644375414,0.478592614233382,18039.055847402422,17602.09716816207
9,5,148.1358165620579,101.75941628304746,89.9518091623026,20.65514898300171,0.018388986587524414,0.006719112396240234,0.3130667609988984,0.3927747438134283,18423.123356121836,18017.91294913159
9,6,138.35590954654847,79.12574823075383,46.302353522865616,19.22720193862915,0.017843961715698242,0.00695490837097168,0.42809997426143365,0.6653388086232223,20151.719559554655,15154.308015843095
9,7,124.91289287787576,80.52456364877867,57.130457585486695,21.01220107078552,0.0615229606628418,0.006915092468261719,0.3553542649315989,0.542637623152786,20212.474127880218,17151.403055004623
9,8,154.24086258357934,94.6691188392918,63.40630778991849,22.34042501449585,0.027621030807495117,0.007139921188354492,0.38622543174644836,0.5889136852073804,29317.4408454058,22545.697927074503
9,9,144.44374030027748,80.80691991243916,68.45342976819023,14.628060102462769,0.01723003387451172,0.00698399543762207,0.4405647503695671,0.5260893298256779,21228.585740994647,20981.404535214235
9,10,134.039221574807,84.46332680147495,73.8176248510709,21.20644497871399,0.0168759822845459,0.00689387321472168,0.36986110625585694,0.44928339642830994,22016.35011247942,19649.190789952117
9,11,130.03911892665067,69.60999352929649,69.91527953458333,19.66512393951416,0.01648998260498047,0.0068149566650390625,0.4646995911394908,0.4623519436945781,19403.11795437776,21814.928096098396
9,12,139.95877341006351,84.3158555520566,80.90523204253529,19.531785011291504,0.017964839935302734,0.006657123565673828,0.39756648691811125,0.4219352594246305,19444.732261369183,19733.49797623738
9,13,155.1202313407148,101.75962109041876,63.0787140176391,18.398998975753784,0.017930984497070312,0.0072138309478759766,0.34399516935409796,0.5933559828241265,21952.456218165127,19880.185196139253
9,14,133.68148717255727,82.7283072672451,47.698721998442046,17.16354990005493,0.017010927200317383,0.00684809684753418,0.3811535986246274,0.6431912674873814,15559.614668579099,12587.143577263476
9,15,143.0819993394657,92.85002512107349,57.20287645582309,19.93066096305847,0.016667842864990234,0.00671696662902832,0.3510712350280735,0.6002091337841331,22075.889719797276,19927.329183665217
9,16,150.12673282549738,99.46135021030427,71.25272994802354,16.033912897109985,0.01750779151916504,0.006639003753662109,0.337484082026117,0.5253827975404921,21964.135267397363,19315.635318735738
9,17,133.53221721084998,90.58946080370454,75.29288816072746,24.53146719932556,0.017000913619995117,0.006575822830200195,0.3215909785976068,0.4361444022019157,18526.19882263351,14867.40478125965
9,18,135.44189020582107,81.1337666762241,68.22698929182864,16.33628487586975,0.01735210418701172,0.006905078887939453,0.40096991740936955,0.49626375423327956,20198.43963252282,16684.127720632976
9,19,137.16195106219203,91.34564943100578,52.009685107398255,19.00129508972168,0.018146991729736328,0.006986141204833984,0.3340306934713418,0.6208155052867687,20822.349049252418,15858.589145214513
9,20,144.28400998554017,80.6183781791407,57.3531945459115,15.360681056976318,0.017362117767333984,0.006886959075927734,0.4412521651760295,0.6024979167708236,18798.26406505236,17193.11546422026
9,21,133.4991875795444,85.47644280690668,69.10101267120221,18.769223928451535,0.016609907150268555,0.0073010921478271484,0.3597231237382907,0.48238626823081654,20874.60495000085,15511.177510754145
9,22,143.2878660523335,100.25208307976087,77.95800023796768,18.005162000656128,0.017369747161865234,0.006518125534057617,0.30034492213635544,0.4559343900795143,20863.951450014807,21134.333341777252
9,23,148.34060468340166,90.05330529979119,75.79555773560726,14.903877019882202,0.016482830047607422,0.006520986557006836,0.3929288242286128,0.4890437591421772,20636.65047484824,16282.459992928427
9,24,136.0152449443064,90.15075554732516,85.04343514182543,39.66364192962647,0.015986204147338867,0.006539821624755859,0.3372010940079635,0.3747507113879197,24868.963746515004,22385.207190640213
9,25,128.29838852164784,67.68956345511297,45.36328121635435,28.018877029418945,0.0161287784576416,0.006734132766723633,0.47240519358751193,0.6464236087524966,22815.35118328323,18601.795355529997
9,26,157.39057253943074,107.39537201381003,62.72584226922177,13.351576089859009,0.01815009117126465,0.006910085678100586,0.3176505410646213,0.60146379000237,24184.789107111166,23740.673184404597
9,27,138.7495465116393,95.61378176200876,74.59994284470568,23.4548761844635,0.01796722412109375,0.006767988204956055,0.31088941069808834,0.4623409969959959,17772.171555166507,14977.759158639918
9,28,151.07570679942427,106.95431109463904,73.98191033278196,17.08458399772644,0.018238067626953125,0.006803989410400391,0.2920482494472988,0.5102990950689108,19240.980880534484,19386.75238515109
9,29,148.1617530448855,84.3970117380653,60.28292942731149,17.64760398864746,0.017929792404174805,0.007231950759887695,0.43037248140215184,0.5931275907011655,18785.415657744743,16388.790270236506
9,30,125.65021624788456,85.09617569394477,66.7261619718095,19.650984048843384,0.015774250030517578,0.006676912307739258,0.32275344814317064,0.46895306697943784,14411.036341899646,12122.046074717751
10,1,149.9230271672505,111.64086056609105,78.49456045912869,13.625388860702516,0.0193326473236084,0.0064830780029296875,0.25534547510472017,0.4764342613522467,20607.230267135983,15649.618407021013
10,2,148.62573037367278,87.44239298561018,62.29422059471166,17.023869037628174,0.018702030181884766,0.006707191467285156,0.4116604657500171,0.580865167571642,20461.952986834807,18466.53217368776
10,3,145.34918477943074,102.40252527484228,62.04743366434504,18.171506881713867,0.020212888717651367,0.006721019744873047,0.2954723108338074,0.5731146771927009,21079.206776087845,20110.802860323904
10,4,130.5369105503204,93.59817685978349,70.96123630860782,18.72383403778076,0.01930689811706543,0.006911039352416992,0.28297539396948945,0.456389491604728,14416.976599319127,15884.645755551444
10,5,136.11756728303268,86.14604409839819,61.988253801125595,16.24463701248169,0.018728017807006836,0.0067751407623291016,0.3671203077022927,0.5445976956653078,16271.699615551997,17666.496748743604
10,6,140.96648646711276,97.04441598456033,75.50103431694097,20.85879802703857,0.01796102523803711,0.006746768951416016,0.311578103301875,0.46440436866137513,16441.561449874236,15615.335226799481
10,7,153.51108140378508,111.83362776632326,66.76160411239645,19.757540941238403,0.02341914176940918,0.0536351203918457,0.2714947563155802,0.5651023789169247,22400.27588642372,19446.84715718726
10,8,150.8618038727582,103.19243107036053,73.66033970502521,16.457535982131958,0.019298076629638672,0.00875091552734375,0.3159803978123156,0.5117363188421586,15737.542616045843,13810.501952820547
10,9,163.83517491272073,121.7071073152562,66.04224243777837,14.981239080429075,0.02129817008972168,0.0071680545806884766,0.2571368915125049,0.5968982700268072,16441.554427576575,14307.873007436043
10,10,145.64074874891196,114.46256238013963,71.21035895902048,18.09830379486084,0.020048141479492188,0.007454872131347656,0.21407598241975706,0.5110547043273665,21036.115793278725,18901.92943982867
10,11,137.2478824083026,98.6992691120902,58.070106667664355,22.315130949020386,0.01965022087097168,0.006810188293457031,0.28086854689337226,0.576896155709638,24138.218010135708,23518.727785467076
10,12,143.56287353026116,109.58981717362359,74.3021114137822,20.21985697746277,0.021426916122436523,0.0070171356201171875,0.2366423541214261,0.48244201591492736,18984.98390338018,14996.243203918199
10,13,137.82306369573436,96.03287446644022,76.9410688122945,17.456335067749023,0.017961978912353516,0.006877899169921875,0.30321622599793907,0.4417402519642593,17649.24336783633,17632.58835202641
10,14,163.8721426284595,115.61925583053764,70.82570292431765,15.81782603263855,0.019829988479614258,0.006903886795043945,0.2944544815486036,0.5677990060525551,19377.706589425707,16457.760025849126
10,15,145.79434151123633,108.42259866276915,79.59446989096853,16.62222409248352,0.01900005340576172,0.006624937057495117,0.25633191563601904,0.45406338088344667,20615.076739193846,20001.278665147252
10,16,135.95250552435212,93.4367296136018,66.9516113812291,15.222125053405762,0.0180051326751709,0.0065000057220458984,0.3127252105194545,0.5075367598191372,20606.6110203306,19501.31273616509
10,17,142.75144371745608,100.42079353697093,70.15149997950994,16.707058906555176,0.019520998001098633,0.006823062896728516,0.29653395495087964,0.5085758984101146,27088.52695898719,22471.800779743957
10,18,151.03176979311252,105.47995076667961,70.99538428257837,19.72217011451721,0.019488811492919922,0.006899833679199219,0.3016042193561729,0.5299307928402759,16331.974217913501,17218.42885912283
10,19,148.9936994203989,97.7386431456384,73.9501655835841,18.327200174331665,0.01888895034790039,0.006754875183105469,0.3440082129254327,0.5036691761379308,17914.8142321063,15361.338693123254
10,20,151.47378695064924,109.71127831974893,87.24936024948515,15.94757890701294,0.019833087921142578,0.006800174713134766,0.2757078268895905,0.423996969997777,19670.93397763138,19511.660803924315
10,21,155.24333074861858,106.47386926355452,63.40717116283245,16.035681009292603,0.019778013229370117,0.006949901580810547,0.314148512853252,0.5915626722444779,17450.24333939881,15360.935674031341
10,22,136.2814580652932,99.88211918242462,69.4334716581827,16.1367290019989,0.01827096939086914,0.006683826446533203,0.26708944415189234,0.49051417086455934,18735.618372013298,14267.240403682741
10,23,127.97585620485413,92.78327004583514,69.2777206437304,14.811091899871826,0.017670154571533203,0.00666499137878418,0.27499394966098406,0.45866569915472305,15853.130949269826,13509.16006720763
10,24,149.14952103146953,110.68262366390131,80.8538509766225,18.221076011657715,0.01962590217590332,0.006721973419189453,0.25790828627235063,0.45790069979800413,23880.16045891028,24091.924211841004
10,25,133.03881211332668,92.9049716674054,66.7129152040614,18.56498599052429,0.01890110969543457,0.006994962692260742,0.3016701653329105,0.49854546846650116,21478.729608197224,20508.13300901953
10,26,141.07876219118933,99.95176434415023,61.46782665945417,14.25274395942688,0.01864314079284668,0.006982326507568359,0.2915179946879883,0.5643013469585646,22636.174828327512,22173.73731049616
10,27,154.87687568175008,99.86456295258752,53.45395891883063,16.533218145370483,0.018552064895629883,0.00696873664855957,0.35520030015458876,0.6548615880612745,19626.503042345175,15234.624140694435
10,28,161.98232248608738,123.61983816538613,69.89449436219256,16.852731943130493,0.0224001407623291,0.006857156753540039,0.23683130190947965,0.5685054190515402,20622.212271230466,18691.788254490722
10,29,134.79478369952284,104.3348952947638,76.45848692595197,16.928935050964355,0.019026994705200195,0.006874799728393555,0.22597230819152883,0.43277859255749057,21408.358810961123,22266.353654541534
10,30,152.12020052036252,106.86091707144844,76.74773042342275,14.818916082382202,0.01927495002746582,0.006621122360229492,0.2975231645376102,0.49547969197457475,16090.10252070668,14058.623307630955
11,1,149.7587009837427,84.70396192926503,65.0817006284658,15.77908182144165,0.018393993377685547,0.006818056106567383,0.43439705758091335,0.5654229089798872,22824.039982455568,17227.67105256661
11,2,137.20105059934147,67.39115528790408,66.52459288296737,18.07153987884521,0.01707005500793457,0.006815910339355469,0.5088145827344885,0.5151305868842474,20211.73748170225,18737.340848151904
11,3,140.8130578028879,79.33575887075733,67.38812393728786,19.49107313156128,0.016830921173095703,0.00673675537109375,0.43658805434214315,0.5214355473224741,23595.187819613056,21313.572515665775
11,4,151.28480430190538,86.62130114617881,72.93173774473782,17.764630794525146,0.01796889305114746,0.006842136383056641,0.4274289374541773,0.5179176250960768,25720.94638047864,22557.19200083908
11,5,149.24632668332228,90.0906383002597,60.08404138897826,17.56051015853882,0.017718791961669922,0.0070781707763671875,0.3963627762080995,0.597416950056886,22458.546544271507,18984.523851878563
11,6,134.77559911927628,79.95349539954516,57.128702513035016,15.352425813674929,0.016533851623535156,0.007481098175048828,0.406765794980541,0.5761198400425869,19617.4885307866,14853.889036591328
11,7,143.687901573942,84.54210051243336,56.27653921779633,17.549329042434692,0.06159162521362305,0.006742000579833984,0.41162686916317814,0.6083418394913621,20946.097533223743,16833.61639439005
11,8,150.91982565650412,83.5105469237782,71.23895561071859,22.74708604812622,0.028470993041992188,0.007218837738037109,0.4466562192176825,0.5279682089425443,18144.66239464822,15776.62138796146
11,9,139.49577390882055,74.99022794475727,58.90685947702042,16.88865089416504,0.016387939453125,0.006918907165527344,0.4624193562037688,0.5777158129856746,25284.155765201056,21730.08248928878
11,10,134.58855614691802,68.50572453305668,73.15150122473709,22.9899160861969,0.015935182571411133,0.006966114044189453,0.49099888954692966,0.45648052613860957,24099.672089799828,22561.226420032788
11,11,132.92121240186668,56.26724401022275,47.893619133691764,17.129889965057373,0.015491008758544922,0.0072078704833984375,0.5766872495858113,0.6396841537309121,20147.58491774339,19602.633583437597
11,12,139.56643596013708,92.6130581680789,53.49212462519788,23.151851892471317,0.017787933349609375,0.0070989131927490234,0.3364231340368181,0.6167264410156875,19620.215356376306,15491.810316622097
11,13,138.0866729961031,84.23068505422292,75.4770053536992,20.792325019836422,0.016978979110717773,0.007452249526977539,0.390015826823491,0.4534084737067333,19398.121265068632,17107.882039720855
11,14,142.74295329962322,81.83434264082982,56.60797705285454,18.251288890838623,0.016760826110839844,0.006853818893432617,0.4267013484787846,0.6034271692975827,24442.98127466332,19104.1786976493
11,15,137.11746955480035,71.92534916438049,77.77761054013638,18.45562982559204,0.015166044235229492,0.006540060043334961,0.4754472249385056,0.4327665847928167,19744.686219246025,17356.581469872664
11,16,133.96029916783752,61.92995901481818,50.465660954634714,17.875420093536377,0.014696359634399414,0.006704092025756836,0.5376991586348523,0.6232789769198201,25972.370495354044,18319.747608694986
11,17,134.2288413038257,77.07483664002056,57.124644919424334,18.19117307662964,0.01749110221862793,0.007057905197143555,0.4257952620960021,0.5744234669349246,19378.826404066564,18312.452158504446
11,18,135.67220710054085,79.40758349079434,59.55851169585141,27.255316019058228,0.017093181610107422,0.006948947906494141,0.41471001918654726,0.5610116989420305,19188.207577124045,15569.46054784873
11,19,140.47141122623626,78.3607492434177,50.1244262572429,25.854953050613403,0.01580500602722168,0.007175922393798828,0.442158738497944,0.6431699103775999,21554.125080035374,18716.704872526778
11,20,131.10703652205302,71.89715143506807,66.23906227980315,21.698325157165527,0.01666998863220215,0.006802082061767578,0.4516148534638374,0.4947711119329486,26221.65100262018,19232.365032020236
11,21,130.87143897549146,87.84903066184505,68.97773176121811,20.61432909965515,0.01794886589050293,0.00764012336730957,0.32873794809961016,0.4729351774443643,19024.889173758875,15192.897237907619
11,22,135.01382925559574,78.13575638929038,58.81158300260089,17.2581889629364,0.01651310920715332,0.00794529914855957,0.42127590321602565,0.5644032664886186,24287.56052444002,21646.403670336287
11,23,140.2925670364153,87.97161953055235,68.83796566494868,17.197207927703857,0.017492294311523438,0.0070590972900390625,0.3729416932850204,0.5093256391332506,25368.79771823835,21726.610192817265
11,24,134.47467678335465,80.3150066378138,67.18410159916249,19.016247987747192,0.016845226287841797,0.006693840026855469,0.4027499559102474,0.5003958871200754,23175.66374858013,19578.191857137725
11,25,135.29580828875572,73.99705291222475,60.173127352723014,19.507339000701904,0.0166928768157959,0.007152080535888672,0.4530720955205339,0.5552476598218162,24443.074031087566,21934.193699358777
11,26,141.68778878814456,66.7863199206789,46.35710764369584,21.835561990737915,0.01556396484375,0.0070149898529052734,0.5286374324004758,0.6728221391540646,21634.797818520132,19454.099553848693
11,27,132.43411336910958,63.617765304518336,56.726112190351884,20.22134518623352,0.01626896858215332,0.007005929946899414,0.5196270531354101,0.5716654059347271,18766.970637510596,17388.77162694074
11,28,132.40670790534566,74.5775330185268,62.547580332524156,16.40696406364441,0.0159912109375,0.006921052932739258,0.4367541176853331,0.5276101843930906,22541.10113984227,19984.154805575687
11,29,134.19382876065663,67.28615189239335,50.141902748399175,20.06499600410461,0.01606893539428711,0.0071070194244384766,0.49858981956314435,0.6263471784695069,16772.156512041835,16421.478012368883
11,30,133.42850242251586,71.80011433946042,48.07685164188698,19.52854013442993,0.02272486686706543,0.054036855697631836,0.4618832330734137,0.639680797063536,19383.222113066746,16987.5916528897
